<?xml version="1.0" encoding="UTF-8"?><tenant enabld="true" exportTime="Wed Feb 23 08:41:07 UTC 2022" load-mode="start" name="default" partial="true" version="1.0"><description><![CDATA[sample tenant]]></description><configurations/><security><roles/><groups/><users/></security><data-package><data-files/><data-agents/><data-sources/><schemas/><session-variables/><datasets-statuses/></data-package><catalog><folder id="214" name="DWC_Retail" owner-id="151" parent="203"><dashboard description="" guid="0948f848-3d23-4ebd-b36f-384c622e4ba0" id="365" name="Retails" owner-id="151" parent="214" version="9"><data xmlns:xi="http://www.w3.org/2001/XInclude"><xi:include href="dashboards/365_dashboard.xml" parse="xml"/></data></dashboard></folder></catalog><scheduler><email-dashboard-jobs/><load-data-Jobs/><alert-Jobs/></scheduler><favorite-dashboards/></tenant>