<?xml version='1.0' encoding='UTF-8'?><report id="365" guid="0948f848-3d23-4ebd-b36f-384c622e4ba0" name="Retails" ownerId="151"><properties><property name="expandedMode" value="false"/><property name="viewMode" value="DEFAULT"/><property name="queryExecutionMode" value="AUTO"/></properties><layout name="Overview" guid="8a698940-2dc0-4355-bdd7-d1ae379f3181"><datafield id="23177473-a030-4a71-bc5f-0fcecd496575" maxRows="0" autoRefresh="true"><properties><property name="widthScale" value="1"/><property name="dynamicHeight" value="false"/><property name="height" value="450"/><property name="automaticHeight" value="0"/><property name="numberOfElementsInRow" value="1"/></properties><binding><measure field="DWC_Retail.BusinessPartners.PARTNERID" label="Number of partners" function="measure" datatype="integer" level="-1" aggregation="count" runningTotal="false"><properties><property name="format" value="0.##"/></properties></measure><measure field="DWC_Retail.Products.PRODUCTID" label="Number of products" function="dimension" datatype="string" level="-1" aggregation="count" runningTotal="false"><properties><property name="format" value="0.##"/></properties></measure><measure field="DWC_Retail.Employees.EMPLOYEEID" label="Number of employees" function="measure" datatype="integer" level="-1" aggregation="count" runningTotal="false"><properties><property name="format" value="0.##"/></properties></measure><measure field="DWC_Retail.SalesOrders.SALESORDERID" label="Orders made" function="measure" datatype="integer" level="-1" aggregation="count" runningTotal="false"><properties><property name="format" value="0.##"/></properties></measure></binding><format numberFormat="0"/></datafield><graph id="582ed2c3-158e-4e6d-8be1-306b7ff395c3" maxRows="1000" autoRefresh="true" width="auto" height="450" showLabels="false" showStackedLabels="false" logarithmic="false" type="mapBubble" showStackedLabelsTotal="false"><properties><property name="widthScale" value="1"/><property name="dynamicHeight" value="false"/><property name="height" value="450"/><property name="automaticHeight" value="0"/><property name="numberOfElementsInRow" value="1"/></properties><binding><row field="DWC_Retail.Addresses.COUNTRY" label="Country" function="dimension" datatype="string" level="-1"><format type="0"/></row><measure field="DWC_Retail.SalesOrders.SALESORDERID" label="Salesorderid" function="measure" datatype="integer" level="-1" aggregation="count" runningTotal="false"><properties><property name="format" value="0.##"/><property name="showNumberScale" value="true"/></properties></measure></binding><layers><layer><properties/></layer></layers></graph><table id="d921f6f8-f9c0-46c6-94e8-7b4a3e80f5a7" maxRows="1000" autoRefresh="true" maxRowsLimit="0" transpose="false" headers="true" fixedColumns="0" aggregation="false" total="false" subtotal="false" dynamicMeasures="false"><properties><property name="numberOfElementsInRow" value="1"/><property name="widthScale" value="1"/><property name="height" value="450"/><property name="automaticHeight" value="0"/></properties><binding><row field="DWC_Retail.SalesOrders.PARTNERID" label="Partnerid" function="measure" datatype="integer" level="-1"><properties><property name="url" value=""/><property name="showSubtotal" value="false"/></properties></row><row field="DWC_Retail.SalesOrders.CURRENCY" label="Currency" function="dimension" datatype="string" level="-1"><properties><property name="url" value=""/><property name="showSubtotal" value="false"/></properties></row><measure field="DWC_Retail.SalesOrders.NETAMOUNT" label="Netamount" function="measure" datatype="double" level="-1" runningTotal="false"><properties><property name="url" value=""/><property name="format" value="###,##0.00"/></properties></measure></binding></table></layout><layout name="Tab 2" guid="a08bd8ef-3791-48f5-a312-093bdf856f98"/></report>