﻿<?xml version="1.0" encoding="UTF-8"?>
<Context Id="6ded0ab9-31db-4342-a200-5eb70b88d432">
  <Entities>
    <Entity Id="5ca17e24-822e-4a8b-9c2c-109d66fc564c" Name="xlsZdroj" IsArray="False">
      <Entities>
        <Entity Id="b9d1539a-9279-4a10-b7d9-fc73b944ef46" Name="xProdej" IsArray="False" />
        <Entity Id="c4048a89-3c3b-4279-be29-67bbf7e4a2e5" Name="xPoS" IsArray="False" />
        <Entity Id="5a0d996f-292f-4024-9a9a-40c6fb76dc72" Name="xProdukty" IsArray="False" />
      </Entities>
    </Entity>
    <Entity Id="cc70e027-a4ea-4ccd-a1bf-b2572fa2556e" Name="kontrolaZRData" IsArray="False">
      <Entities>
        <Entity Id="7e32ba35-5f89-4e54-a342-3b57f0b89f53" Name="hledatZRData" IsArray="False">
          <Entities>
            <Entity Id="bdcfc2a1-9e32-4962-849c-e8ba6f341ade" Name="oIco" IsArray="False" />
          </Entities>
        </Entity>
        <Entity Id="b5c322ea-3004-4ba1-968d-86100e71589b" Name="nalezenoFormularData" IsArray="False">
          <Entities>
            <Entity Id="2b23cc94-3a8c-49c0-a6cd-f15619e1767c" Name="oSpolecnost" IsArray="False" />
            <Entity Id="82530830-5cc0-4784-ade0-0fdafa96f9a0" Name="oDatovaSchranka" IsArray="False" />
            <Entity Id="6296b2ce-1fa6-486b-bb95-12b67f149ce2" Name="oTelefon" IsArray="False" />
            <Entity Id="0451a0c9-d3f8-4a7b-ab2d-1d5708de274f" Name="oEmail" IsArray="False" />
            <Entity Id="da8640cf-2c90-4791-9373-c0597d4bf1c7" Name="oAggInfo" IsArray="False" />
          </Entities>
        </Entity>
      </Entities>
    </Entity>
    <Entity Id="246fcf34-4b95-4632-8721-517ffbf9c6d4" Name="CZCData" IsArray="False">
      <Entities>
        <Entity Id="ca0546e6-09e6-401f-b42a-ebf06e6819f5" Name="CZChledatData" IsArray="False">
          <Entities>
            <Entity Id="085fa77d-c036-44c0-92a3-5a9dfa1048ea" Name="oFulltext" IsArray="False" />
          </Entities>
        </Entity>
        <Entity Id="229be4aa-c248-4ba0-a97c-24b66d95a703" Name="CZCnalezenoData" IsArray="False">
          <Entities>
            <Entity Id="b45c953b-2032-4810-9623-ed553ced3337" Name="oCena" IsArray="False" />
            <Entity Id="8d52ff06-85de-4d53-84b8-7c99a6f3f67c" Name="oProdukty" IsArray="False" />
            <Entity Id="0028578f-15ce-418a-9a65-d6c548691065" Name="oNazev" IsArray="False" />
          </Entities>
        </Entity>
      </Entities>
    </Entity>
    <Entity Id="6a305aed-4bb4-4287-89b3-5a100b7b81f1" Name="emailData" IsArray="False">
      <Entities>
        <Entity Id="5365bf92-ef70-4b7d-b021-7253aaa352ba" Name="emailBody" IsArray="False" />
      </Entities>
    </Entity>
  </Entities>
</Context>