<?xml version="1.0" encoding="UTF-8"?>
<doc>
	<Identification>
		<Version Value="1.0.8.36"/>
	</Identification>
	<Properties>
		<Property Name="projectFile" Value="Czech Usage.debug.psc"/>
		<Property Name="projectVersion" Value="1.0"/>
		<Property Name="projectName" Value="Czech Usage"/>
		<Property Name="projectId" Value="d264cb4b-0c74-4647-8064-4fdb029bb732"/>
		<Property Name="projectDate" Value="25/08/2020"/>
		<Property Name="projectLabel" Value="Use cases for Czech companies"/>
		<Property Name="projectClient" Value="SCZ-J-VAJDA1"/>
		<Property Name="licenceURL" Value=""/>
		<Property Name="archiveFile" Value="Czech Usage.zip"/>
		<Property Name="productVersion" Value="1.0.8.36"/>
		<Property Name="sdkVersion" Value="1.0.8.36"/>
		<Property Name="exportDate" Value="16/9/2020"/>
		<Property Name="IsTrial" Value="True"/>
		<Property Name="validity" Value=""/>
		<Property Name="cyphering" Value="0"/>
		<Property Name="compression" Value="1"/>
	</Properties>
	<Properties Name="scenario0">
		<Property Name="appliName" Value="GLOBAL" Type="1"/>
		<Property Name="scenario" Value="mesicniUzaverka" Type="1"/>
		<Property Name="name" Value="" Type="1"/>
		<Property Name="id" Value="549d0abd-bc54-4411-927c-412ee7b1f175" Type="1"/>
		<Property Name="timeout" Value="600" Type="1"/>
		<Property Name="task" Value="1" Type="1"/>
		<Property Name="contextRoot" Value="" Type="1"/>
		<Property Name="input" Value="" Type="1"/>
		<Property Name="output" Value="" Type="1"/>
	</Properties>
	<Keys Name="scenario0">
	</Keys>
	<Properties Name="scenario1">
		<Property Name="appliName" Value="GLOBAL" Type="1"/>
		<Property Name="scenario" Value="kontrolaICOtest" Type="1"/>
		<Property Name="name" Value="" Type="1"/>
		<Property Name="id" Value="a5929c38-fd2a-45c3-8bed-5beaddc42ed6" Type="1"/>
		<Property Name="timeout" Value="600" Type="1"/>
		<Property Name="task" Value="1" Type="1"/>
		<Property Name="contextRoot" Value="" Type="1"/>
		<Property Name="input" Value="" Type="1"/>
		<Property Name="output" Value="" Type="1"/>
	</Properties>
	<Keys Name="scenario1">
	</Keys>
	<Properties Name="scenario2">
		<Property Name="appliName" Value="GLOBAL" Type="1"/>
		<Property Name="scenario" Value="objednavkaZbozi" Type="1"/>
		<Property Name="name" Value="" Type="1"/>
		<Property Name="id" Value="7b01a9e1-6092-4e1b-8e99-e6a717166762" Type="1"/>
		<Property Name="timeout" Value="600" Type="1"/>
		<Property Name="task" Value="1" Type="1"/>
		<Property Name="contextRoot" Value="" Type="1"/>
		<Property Name="input" Value="" Type="1"/>
		<Property Name="output" Value="" Type="1"/>
	</Properties>
	<Keys Name="scenario2">
	</Keys>
	<UpdatePackages>
	</UpdatePackages>
	<KeyNames Value="f6beab6e0c562d276786bf92048cf15e" Type="32771"/>
	<KeyContent Value="f66e4097248a1f0249ba6a0749d2d4ed" Type="32771"/>
	<KeyProps Value="8efcbfae46ff059edc22a5ddf148606b" Type="32771"/>
</doc>
